zone_id,h3_cell,resolution,island,version,data_source,provenance
RES_1,885d101095fffff,8,hawaii,2026.01,Reserves centroid 2026,Centroid res8 from reserve objectid 1 polygon
RES_2,885d101083fffff,8,hawaii,2026.01,Reserves centroid 2026,Centroid res8 from reserve objectid 2 polygon
RES_3,885d10710bfffff,8,hawaii,2026.01,Reserves centroid 2026,Centroid res8 from reserve objectid 3 polygon
RES_4,8846494b31fffff,8,oahu,2026.01,Reserves centroid 2026,Centroid res8 from reserve objectid 4 polygon
RES_5,885d1318cdfffff,8,hawaii,2026.01,Reserves centroid 2026,Centroid res8 from reserve objectid 5 polygon
RES_6,8846483527fffff,8,oahu,2026.01,Reserves centroid 2026,Centroid res8 from reserve objectid 6 polygon
RES_7,8846483535fffff,8,oahu,2026.01,Reserves centroid 2026,Centroid res8 from reserve objectid 7 polygon
RES_8,88464822cbfffff,8,oahu,2026.01,Reserves centroid 2026,Centroid res8 from reserve objectid 8 polygon
RES_9,88464822c1fffff,8,oahu,2026.01,Reserves centroid 2026,Centroid res8 from reserve objectid 9 polygon
RES_10,88464822ddfffff,8,oahu,2026.01,Reserves centroid 2026,Centroid res8 from reserve objectid 10 polygon
RES_11,88464822d5fffff,8,oahu,2026.01,Reserves centroid 2026,Centroid res8 from reserve objectid 11 polygon
RES_12,88464822d1fffff,8,oahu,2026.01,Reserves centroid 2026,Centroid res8 from reserve objectid 12 polygon
RES_13,8846482329fffff,8,oahu,2026.01,Reserves centroid 2026,Centroid res8 from reserve objectid 13 polygon
RES_14,88464820d5fffff,8,oahu,2026.01,Reserves centroid 2026,Centroid res8 from reserve objectid 14 polygon
RES_15,8846482089fffff,8,oahu,2026.01,Reserves centroid 2026,Centroid res8 from reserve objectid 15 polygon
RES_16,88464876e7fffff,8,oahu,2026.01,Reserves centroid 2026,Centroid res8 from reserve objectid 16 polygon
RES_17,88464876bdfffff,8,oahu,2026.01,Reserves centroid 2026,Centroid res8 from reserve objectid 17 polygon
RES_18,8846482b41fffff,8,oahu,2026.01,Reserves centroid 2026,Centroid res8 from reserve objectid 18 polygon
RES_19,8846482b0dfffff,8,oahu,2026.01,Reserves centroid 2026,Centroid res8 from reserve objectid 19 polygon
RES_20,8846482e6bfffff,8,oahu,2026.01,Reserves centroid 2026,Centroid res8 from reserve objectid 20 polygon
RES_21,8846482845fffff,8,oahu,2026.01,Reserves centroid 2026,Centroid res8 from reserve objectid 21 polygon
RES_22,8846482951fffff,8,oahu,2026.01,Reserves centroid 2026,Centroid res8 from reserve objectid 22 polygon
RES_23,8846482f61fffff,8,oahu,2026.01,Reserves centroid 2026,Centroid res8 from reserve objectid 23 polygon
RES_24,8846495123fffff,8,oahu,2026.01,Reserves centroid 2026,Centroid res8 from reserve objectid 24 polygon
RES_25,8846495a01fffff,8,oahu,2026.01,Reserves centroid 2026,Centroid res8 from reserve objectid 25 polygon
RES_26,8846482c17fffff,8,oahu,2026.01,Reserves centroid 2026,Centroid res8 from reserve objectid 26 polygon
RES_27,8846495a81fffff,8,oahu,2026.01,Reserves centroid 2026,Centroid res8 from reserve objectid 27 polygon
RES_28,8846495ab5fffff,8,oahu,2026.01,Reserves centroid 2026,Centroid res8 from reserve objectid 28 polygon
RES_29,88464958dbfffff,8,oahu,2026.01,Reserves centroid 2026,Centroid res8 from reserve objectid 29 polygon
RES_30,8846482d97fffff,8,oahu,2026.01,Reserves centroid 2026,Centroid res8 from reserve objectid 30 polygon
RES_31,884649411dfffff,8,oahu,2026.01,Reserves centroid 2026,Centroid res8 from reserve objectid 31 polygon
RES_32,8846494115fffff,8,oahu,2026.01,Reserves centroid 2026,Centroid res8 from reserve objectid 32 polygon
RES_33,8846494b41fffff,8,oahu,2026.01,Reserves centroid 2026,Centroid res8 from reserve objectid 33 polygon
RES_34,88464b96abfffff,8,oahu,2026.01,Reserves centroid 2026,Centroid res8 from reserve objectid 34 polygon
RES_35,885d138103fffff,8,hawaii,2026.01,Reserves centroid 2026,Centroid res8 from reserve objectid 35 polygon
RES_36,8846494a31fffff,8,oahu,2026.01,Reserves centroid 2026,Centroid res8 from reserve objectid 36 polygon
RES_37,8846494b2bfffff,8,oahu,2026.01,Reserves centroid 2026,Centroid res8 from reserve objectid 37 polygon
RES_38,8846487637fffff,8,oahu,2026.01,Reserves centroid 2026,Centroid res8 from reserve objectid 38 polygon
RES_39,8846492855fffff,8,molokai,2026.01,Reserves centroid 2026,Centroid res8 from reserve objectid 39 polygon
RES_40,884649280bfffff,8,molokai,2026.01,Reserves centroid 2026,Centroid res8 from reserve objectid 40 polygon
RES_41,884649281dfffff,8,molokai,2026.01,Reserves centroid 2026,Centroid res8 from reserve objectid 41 polygon
RES_42,88464928c7fffff,8,molokai,2026.01,Reserves centroid 2026,Centroid res8 from reserve objectid 42 polygon
RES_43,8846492aa7fffff,8,molokai,2026.01,Reserves centroid 2026,Centroid res8 from reserve objectid 43 polygon
RES_44,88464928d1fffff,8,molokai,2026.01,Reserves centroid 2026,Centroid res8 from reserve objectid 44 polygon
RES_45,88464928edfffff,8,molokai,2026.01,Reserves centroid 2026,Centroid res8 from reserve objectid 45 polygon
RES_46,8846492ebdfffff,8,molokai,2026.01,Reserves centroid 2026,Centroid res8 from reserve objectid 46 polygon
RES_47,8846492ebdfffff,8,molokai,2026.01,Reserves centroid 2026,Centroid res8 from reserve objectid 47 polygon
RES_48,88464929adfffff,8,molokai,2026.01,Reserves centroid 2026,Centroid res8 from reserve objectid 48 polygon
RES_49,88464928adfffff,8,molokai,2026.01,Reserves centroid 2026,Centroid res8 from reserve objectid 49 polygon
RES_50,885d144a4dfffff,8,maui,2026.01,Reserves centroid 2026,Centroid res8 from reserve objectid 50 polygon
RES_51,885d1696d9fffff,8,maui,2026.01,Reserves centroid 2026,Centroid res8 from reserve objectid 51 polygon
RES_52,885d144a69fffff,8,maui,2026.01,Reserves centroid 2026,Centroid res8 from reserve objectid 52 polygon
RES_53,885d144841fffff,8,maui,2026.01,Reserves centroid 2026,Centroid res8 from reserve objectid 53 polygon
RES_54,885d144a31fffff,8,maui,2026.01,Reserves centroid 2026,Centroid res8 from reserve objectid 54 polygon
RES_55,884649291dfffff,8,molokai,2026.01,Reserves centroid 2026,Centroid res8 from reserve objectid 55 polygon
RES_56,885d144b2dfffff,8,maui,2026.01,Reserves centroid 2026,Centroid res8 from reserve objectid 56 polygon
RES_57,885d144b23fffff,8,maui,2026.01,Reserves centroid 2026,Centroid res8 from reserve objectid 57 polygon
RES_58,885d14494bfffff,8,maui,2026.01,Reserves centroid 2026,Centroid res8 from reserve objectid 58 polygon
RES_59,885d144b21fffff,8,maui,2026.01,Reserves centroid 2026,Centroid res8 from reserve objectid 59 polygon
RES_60,885d144959fffff,8,maui,2026.01,Reserves centroid 2026,Centroid res8 from reserve objectid 60 polygon
RES_61,885d144b27fffff,8,maui,2026.01,Reserves centroid 2026,Centroid res8 from reserve objectid 61 polygon
RES_62,885d144857fffff,8,maui,2026.01,Reserves centroid 2026,Centroid res8 from reserve objectid 62 polygon
RES_63,885d144941fffff,8,maui,2026.01,Reserves centroid 2026,Centroid res8 from reserve objectid 63 polygon
RES_64,885d14481bfffff,8,maui,2026.01,Reserves centroid 2026,Centroid res8 from reserve objectid 64 polygon
RES_65,885d144595fffff,8,maui,2026.01,Reserves centroid 2026,Centroid res8 from reserve objectid 65 polygon
RES_66,885d147aedfffff,8,maui,2026.01,Reserves centroid 2026,Centroid res8 from reserve objectid 66 polygon
RES_67,885d144947fffff,8,maui,2026.01,Reserves centroid 2026,Centroid res8 from reserve objectid 67 polygon
RES_68,885d144f2bfffff,8,maui,2026.01,Reserves centroid 2026,Centroid res8 from reserve objectid 68 polygon
RES_69,885d144903fffff,8,maui,2026.01,Reserves centroid 2026,Centroid res8 from reserve objectid 69 polygon
RES_70,885d14493dfffff,8,maui,2026.01,Reserves centroid 2026,Centroid res8 from reserve objectid 70 polygon
RES_71,885d1449abfffff,8,maui,2026.01,Reserves centroid 2026,Centroid res8 from reserve objectid 71 polygon
RES_72,885d147adbfffff,8,maui,2026.01,Reserves centroid 2026,Centroid res8 from reserve objectid 72 polygon
RES_73,885d147ad3fffff,8,maui,2026.01,Reserves centroid 2026,Centroid res8 from reserve objectid 73 polygon
RES_74,885d1686d1fffff,8,maui,2026.01,Reserves centroid 2026,Centroid res8 from reserve objectid 74 polygon
RES_75,885d144aa9fffff,8,maui,2026.01,Reserves centroid 2026,Centroid res8 from reserve objectid 75 polygon
RES_76,885d146303fffff,8,maui,2026.01,Reserves centroid 2026,Centroid res8 from reserve objectid 76 polygon
RES_77,885d1479c3fffff,8,maui,2026.01,Reserves centroid 2026,Centroid res8 from reserve objectid 77 polygon
RES_78,885d146323fffff,8,maui,2026.01,Reserves centroid 2026,Centroid res8 from reserve objectid 78 polygon
RES_79,885d1461c3fffff,8,maui,2026.01,Reserves centroid 2026,Centroid res8 from reserve objectid 79 polygon
RES_80,885d146a81fffff,8,maui,2026.01,Reserves centroid 2026,Centroid res8 from reserve objectid 80 polygon
RES_81,885d146b17fffff,8,maui,2026.01,Reserves centroid 2026,Centroid res8 from reserve objectid 81 polygon
RES_82,885d146f41fffff,8,maui,2026.01,Reserves centroid 2026,Centroid res8 from reserve objectid 82 polygon
RES_83,885d16a2a9fffff,8,maui,2026.01,Reserves centroid 2026,Centroid res8 from reserve objectid 83 polygon
RES_84,885d10c489fffff,8,hawaii,2026.01,Reserves centroid 2026,Centroid res8 from reserve objectid 84 polygon
RES_85,885d10c489fffff,8,hawaii,2026.01,Reserves centroid 2026,Centroid res8 from reserve objectid 85 polygon
RES_86,885d1010a5fffff,8,hawaii,2026.01,Reserves centroid 2026,Centroid res8 from reserve objectid 86 polygon
RES_87,885d114ec9fffff,8,hawaii,2026.01,Reserves centroid 2026,Centroid res8 from reserve objectid 87 polygon
RES_88,885d1382a9fffff,8,hawaii,2026.01,Reserves centroid 2026,Centroid res8 from reserve objectid 88 polygon
RES_89,885d114c4dfffff,8,hawaii,2026.01,Reserves centroid 2026,Centroid res8 from reserve objectid 89 polygon
RES_90,885d13c247fffff,8,hawaii,2026.01,Reserves centroid 2026,Centroid res8 from reserve objectid 90 polygon
RES_91,885d13c023fffff,8,hawaii,2026.01,Reserves centroid 2026,Centroid res8 from reserve objectid 91 polygon
RES_92,885d138227fffff,8,hawaii,2026.01,Reserves centroid 2026,Centroid res8 from reserve objectid 92 polygon
RES_93,885d13d0a7fffff,8,hawaii,2026.01,Reserves centroid 2026,Centroid res8 from reserve objectid 93 polygon
RES_94,885d13c30bfffff,8,hawaii,2026.01,Reserves centroid 2026,Centroid res8 from reserve objectid 94 polygon
RES_95,885d13c0cdfffff,8,hawaii,2026.01,Reserves centroid 2026,Centroid res8 from reserve objectid 95 polygon
RES_96,885d1002c3fffff,8,hawaii,2026.01,Reserves centroid 2026,Centroid res8 from reserve objectid 96 polygon
RES_97,885d13c4b9fffff,8,hawaii,2026.01,Reserves centroid 2026,Centroid res8 from reserve objectid 97 polygon
RES_98,885d13c49dfffff,8,hawaii,2026.01,Reserves centroid 2026,Centroid res8 from reserve objectid 98 polygon
RES_99,885d13c69dfffff,8,hawaii,2026.01,Reserves centroid 2026,Centroid res8 from reserve objectid 99 polygon
RES_100,885d138819fffff,8,hawaii,2026.01,Reserves centroid 2026,Centroid res8 from reserve objectid 100 polygon
RES_101,885d1312e9fffff,8,hawaii,2026.01,Reserves centroid 2026,Centroid res8 from reserve objectid 101 polygon
RES_102,885d100607fffff,8,hawaii,2026.01,Reserves centroid 2026,Centroid res8 from reserve objectid 102 polygon
RES_103,885d103251fffff,8,hawaii,2026.01,Reserves centroid 2026,Centroid res8 from reserve objectid 103 polygon
RES_104,885d10069bfffff,8,hawaii,2026.01,Reserves centroid 2026,Centroid res8 from reserve objectid 104 polygon
RES_105,885d10334bfffff,8,hawaii,2026.01,Reserves centroid 2026,Centroid res8 from reserve objectid 105 polygon
RES_106,885d1032b7fffff,8,hawaii,2026.01,Reserves centroid 2026,Centroid res8 from reserve objectid 106 polygon
RES_107,885d1030dbfffff,8,hawaii,2026.01,Reserves centroid 2026,Centroid res8 from reserve objectid 107 polygon
RES_108,885d1030d3fffff,8,hawaii,2026.01,Reserves centroid 2026,Centroid res8 from reserve objectid 108 polygon
RES_109,885d10085bfffff,8,hawaii,2026.01,Reserves centroid 2026,Centroid res8 from reserve objectid 109 polygon
RES_110,885d1035c1fffff,8,hawaii,2026.01,Reserves centroid 2026,Centroid res8 from reserve objectid 110 polygon
RES_111,885d1034e3fffff,8,hawaii,2026.01,Reserves centroid 2026,Centroid res8 from reserve objectid 111 polygon
RES_112,885d107237fffff,8,hawaii,2026.01,Reserves centroid 2026,Centroid res8 from reserve objectid 112 polygon
RES_113,885d1034adfffff,8,hawaii,2026.01,Reserves centroid 2026,Centroid res8 from reserve objectid 113 polygon
RES_114,885d102647fffff,8,hawaii,2026.01,Reserves centroid 2026,Centroid res8 from reserve objectid 114 polygon
RES_115,885d102611fffff,8,hawaii,2026.01,Reserves centroid 2026,Centroid res8 from reserve objectid 115 polygon
RES_116,885d103927fffff,8,hawaii,2026.01,Reserves centroid 2026,Centroid res8 from reserve objectid 116 polygon
RES_117,885d1038e7fffff,8,hawaii,2026.01,Reserves centroid 2026,Centroid res8 from reserve objectid 117 polygon
RES_118,885d102a4bfffff,8,hawaii,2026.01,Reserves centroid 2026,Centroid res8 from reserve objectid 118 polygon
RES_119,885d10215dfffff,8,hawaii,2026.01,Reserves centroid 2026,Centroid res8 from reserve objectid 119 polygon
RES_120,885d102427fffff,8,hawaii,2026.01,Reserves centroid 2026,Centroid res8 from reserve objectid 120 polygon
RES_121,885d107adbfffff,8,hawaii,2026.01,Reserves centroid 2026,Centroid res8 from reserve objectid 121 polygon
RES_122,885d1025b5fffff,8,hawaii,2026.01,Reserves centroid 2026,Centroid res8 from reserve objectid 122 polygon
RES_123,885d13964bfffff,8,hawaii,2026.01,Reserves centroid 2026,Centroid res8 from reserve objectid 123 polygon
RES_124,885d1078edfffff,8,hawaii,2026.01,Reserves centroid 2026,Centroid res8 from reserve objectid 124 polygon
RES_125,885d115ae1fffff,8,hawaii,2026.01,Reserves centroid 2026,Centroid res8 from reserve objectid 125 polygon
RES_126,885d102d59fffff,8,hawaii,2026.01,Reserves centroid 2026,Centroid res8 from reserve objectid 126 polygon
RES_127,885d102cdbfffff,8,hawaii,2026.01,Reserves centroid 2026,Centroid res8 from reserve objectid 127 polygon
RES_128,885d1078e7fffff,8,hawaii,2026.01,Reserves centroid 2026,Centroid res8 from reserve objectid 128 polygon
RES_129,885d1079d3fffff,8,hawaii,2026.01,Reserves centroid 2026,Centroid res8 from reserve objectid 129 polygon
RES_130,885d1079edfffff,8,hawaii,2026.01,Reserves centroid 2026,Centroid res8 from reserve objectid 130 polygon
RES_131,885d1159e9fffff,8,hawaii,2026.01,Reserves centroid 2026,Centroid res8 from reserve objectid 131 polygon
RES_132,885d1079a3fffff,8,hawaii,2026.01,Reserves centroid 2026,Centroid res8 from reserve objectid 132 polygon
RES_133,885d139615fffff,8,hawaii,2026.01,Reserves centroid 2026,Centroid res8 from reserve objectid 133 polygon
RES_134,885d1140dbfffff,8,hawaii,2026.01,Reserves centroid 2026,Centroid res8 from reserve objectid 134 polygon
RES_135,8846487491fffff,8,oahu,2026.01,Reserves centroid 2026,Centroid res8 from reserve objectid 135 polygon
RES_136,885d114723fffff,8,hawaii,2026.01,Reserves centroid 2026,Centroid res8 from reserve objectid 136 polygon
RES_137,885d1394cdfffff,8,hawaii,2026.01,Reserves centroid 2026,Centroid res8 from reserve objectid 137 polygon
RES_138,885d1140b7fffff,8,hawaii,2026.01,Reserves centroid 2026,Centroid res8 from reserve objectid 138 polygon
RES_139,885d114565fffff,8,hawaii,2026.01,Reserves centroid 2026,Centroid res8 from reserve objectid 139 polygon
RES_140,885d114b27fffff,8,hawaii,2026.01,Reserves centroid 2026,Centroid res8 from reserve objectid 140 polygon
RES_141,885d147ad1fffff,8,maui,2026.01,Reserves centroid 2026,Centroid res8 from reserve objectid 141 polygon
RES_142,885d147acdfffff,8,maui,2026.01,Reserves centroid 2026,Centroid res8 from reserve objectid 142 polygon
RES_143,885d1445cdfffff,8,maui,2026.01,Reserves centroid 2026,Centroid res8 from reserve objectid 143 polygon
RES_144,885d144ae9fffff,8,maui,2026.01,Reserves centroid 2026,Centroid res8 from reserve objectid 144 polygon
RES_145,885d144a53fffff,8,maui,2026.01,Reserves centroid 2026,Centroid res8 from reserve objectid 145 polygon
RES_146,885d14609dfffff,8,maui,2026.01,Reserves centroid 2026,Centroid res8 from reserve objectid 146 polygon
RES_147,885d1460ddfffff,8,maui,2026.01,Reserves centroid 2026,Centroid res8 from reserve objectid 147 polygon
RES_148,885d16a227fffff,8,maui,2026.01,Reserves centroid 2026,Centroid res8 from reserve objectid 148 polygon
RES_149,885d168a4dfffff,8,lanai,2026.01,Reserves centroid 2026,Centroid res8 from reserve objectid 149 polygon
RES_150,885d16881dfffff,8,lanai,2026.01,Reserves centroid 2026,Centroid res8 from reserve objectid 150 polygon
RES_151,885d168ab1fffff,8,lanai,2026.01,Reserves centroid 2026,Centroid res8 from reserve objectid 151 polygon
RES_152,885d168f6bfffff,8,lanai,2026.01,Reserves centroid 2026,Centroid res8 from reserve objectid 152 polygon
RES_153,885d13858dfffff,8,hawaii,2026.01,Reserves centroid 2026,Centroid res8 from reserve objectid 153 polygon
RES_154,885d114a8dfffff,8,hawaii,2026.01,Reserves centroid 2026,Centroid res8 from reserve objectid 154 polygon
RES_155,885d146b31fffff,8,maui,2026.01,Reserves centroid 2026,Centroid res8 from reserve objectid 155 polygon
RES_156,885d147943fffff,8,maui,2026.01,Reserves centroid 2026,Centroid res8 from reserve objectid 156 polygon
RES_157,885d147b3dfffff,8,maui,2026.01,Reserves centroid 2026,Centroid res8 from reserve objectid 157 polygon
RES_158,884649282dfffff,8,molokai,2026.01,Reserves centroid 2026,Centroid res8 from reserve objectid 158 polygon
RES_159,885d13d0b9fffff,8,hawaii,2026.01,Reserves centroid 2026,Centroid res8 from reserve objectid 159 polygon
RES_160,8846495a61fffff,8,oahu,2026.01,Reserves centroid 2026,Centroid res8 from reserve objectid 160 polygon
RES_161,88464820bbfffff,8,oahu,2026.01,Reserves centroid 2026,Centroid res8 from reserve objectid 161 polygon
RES_162,885d147837fffff,8,maui,2026.01,Reserves centroid 2026,Centroid res8 from reserve objectid 162 polygon
RES_163,885d14486dfffff,8,maui,2026.01,Reserves centroid 2026,Centroid res8 from reserve objectid 163 polygon
RES_164,885d102ebbfffff,8,hawaii,2026.01,Reserves centroid 2026,Centroid res8 from reserve objectid 164 polygon
RES_165,885d103735fffff,8,hawaii,2026.01,Reserves centroid 2026,Centroid res8 from reserve objectid 165 polygon
RES_166,885d10354dfffff,8,hawaii,2026.01,Reserves centroid 2026,Centroid res8 from reserve objectid 166 polygon
RES_167,88464e0423fffff,8,kauai,2026.01,Reserves centroid 2026,Centroid res8 from reserve objectid 167 polygon
RES_168,88464e0443fffff,8,kauai,2026.01,Reserves centroid 2026,Centroid res8 from reserve objectid 168 polygon
RES_169,88464e19b5fffff,8,kauai,2026.01,Reserves centroid 2026,Centroid res8 from reserve objectid 169 polygon
RES_170,88464e053dfffff,8,kauai,2026.01,Reserves centroid 2026,Centroid res8 from reserve objectid 170 polygon
RES_171,88464e0d95fffff,8,kauai,2026.01,Reserves centroid 2026,Centroid res8 from reserve objectid 171 polygon
RES_172,88464e0637fffff,8,kauai,2026.01,Reserves centroid 2026,Centroid res8 from reserve objectid 172 polygon
RES_173,88464e0097fffff,8,kauai,2026.01,Reserves centroid 2026,Centroid res8 from reserve objectid 173 polygon
RES_174,88464e3a63fffff,8,kauai,2026.01,Reserves centroid 2026,Centroid res8 from reserve objectid 174 polygon
RES_175,88464e58c1fffff,8,kauai,2026.01,Reserves centroid 2026,Centroid res8 from reserve objectid 175 polygon
RES_176,88465d89c9fffff,8,kauai,2026.01,Reserves centroid 2026,Centroid res8 from reserve objectid 176 polygon
RES_177,88464e0dddfffff,8,kauai,2026.01,Reserves centroid 2026,Centroid res8 from reserve objectid 177 polygon
RES_178,88464e701bfffff,8,kauai,2026.01,Reserves centroid 2026,Centroid res8 from reserve objectid 178 polygon
RES_179,88464e05c7fffff,8,kauai,2026.01,Reserves centroid 2026,Centroid res8 from reserve objectid 179 polygon
RES_180,88464e15d3fffff,8,kauai,2026.01,Reserves centroid 2026,Centroid res8 from reserve objectid 180 polygon
RES_181,88464e0193fffff,8,kauai,2026.01,Reserves centroid 2026,Centroid res8 from reserve objectid 181 polygon
RES_182,88464e0335fffff,8,kauai,2026.01,Reserves centroid 2026,Centroid res8 from reserve objectid 182 polygon
RES_183,88464e18a7fffff,8,kauai,2026.01,Reserves centroid 2026,Centroid res8 from reserve objectid 183 polygon
RES_184,88464e0339fffff,8,kauai,2026.01,Reserves centroid 2026,Centroid res8 from reserve objectid 184 polygon
RES_185,88464e0357fffff,8,kauai,2026.01,Reserves centroid 2026,Centroid res8 from reserve objectid 185 polygon
RES_186,88464e0353fffff,8,kauai,2026.01,Reserves centroid 2026,Centroid res8 from reserve objectid 186 polygon
RES_187,88464e0a43fffff,8,kauai,2026.01,Reserves centroid 2026,Centroid res8 from reserve objectid 187 polygon
RES_188,88464e0a19fffff,8,kauai,2026.01,Reserves centroid 2026,Centroid res8 from reserve objectid 188 polygon
RES_189,88464e080bfffff,8,kauai,2026.01,Reserves centroid 2026,Centroid res8 from reserve objectid 189 polygon
RES_190,88464e091dfffff,8,kauai,2026.01,Reserves centroid 2026,Centroid res8 from reserve objectid 190 polygon
RES_191,885d10353dfffff,8,hawaii,2026.01,Reserves centroid 2026,Centroid res8 from reserve objectid 191 polygon
RES_192,885d102287fffff,8,hawaii,2026.01,Reserves centroid 2026,Centroid res8 from reserve objectid 192 polygon
RES_193,885d1468c9fffff,8,maui,2026.01,Reserves centroid 2026,Centroid res8 from reserve objectid 193 polygon
RES_194,885d146f55fffff,8,maui,2026.01,Reserves centroid 2026,Centroid res8 from reserve objectid 194 polygon
RES_195,885d146f5bfffff,8,maui,2026.01,Reserves centroid 2026,Centroid res8 from reserve objectid 195 polygon
RES_196,885d16b5b1fffff,8,maui,2026.01,Reserves centroid 2026,Centroid res8 from reserve objectid 196 polygon
RES_197,885d144b21fffff,8,maui,2026.01,Reserves centroid 2026,Centroid res8 from reserve objectid 197 polygon
RES_198,885d102ed3fffff,8,hawaii,2026.01,Reserves centroid 2026,Centroid res8 from reserve objectid 198 polygon
RES_199,885d13c02bfffff,8,hawaii,2026.01,Reserves centroid 2026,Centroid res8 from reserve objectid 199 polygon
RES_200,885d100329fffff,8,hawaii,2026.01,Reserves centroid 2026,Centroid res8 from reserve objectid 200 polygon
RES_201,885d100663fffff,8,hawaii,2026.01,Reserves centroid 2026,Centroid res8 from reserve objectid 201 polygon
RES_202,885d1006c5fffff,8,hawaii,2026.01,Reserves centroid 2026,Centroid res8 from reserve objectid 202 polygon
RES_203,885d103343fffff,8,hawaii,2026.01,Reserves centroid 2026,Centroid res8 from reserve objectid 203 polygon
RES_204,885d10334bfffff,8,hawaii,2026.01,Reserves centroid 2026,Centroid res8 from reserve objectid 204 polygon
RES_205,885d10784dfffff,8,hawaii,2026.01,Reserves centroid 2026,Centroid res8 from reserve objectid 205 polygon
RES_206,885d144d35fffff,8,maui,2026.01,Reserves centroid 2026,Centroid res8 from reserve objectid 206 polygon
RES_207,884648299bfffff,8,oahu,2026.01,Reserves centroid 2026,Centroid res8 from reserve objectid 207 polygon
RES_208,88464829bbfffff,8,oahu,2026.01,Reserves centroid 2026,Centroid res8 from reserve objectid 208 polygon
RES_209,885d1039d3fffff,8,hawaii,2026.01,Reserves centroid 2026,Centroid res8 from reserve objectid 209 polygon
RES_210,885d102b09fffff,8,hawaii,2026.01,Reserves centroid 2026,Centroid res8 from reserve objectid 210 polygon
RES_211,885d13cf57fffff,8,hawaii,2026.01,Reserves centroid 2026,Centroid res8 from reserve objectid 211 polygon
RES_212,885d114951fffff,8,hawaii,2026.01,Reserves centroid 2026,Centroid res8 from reserve objectid 212 polygon
RES_213,885d10305dfffff,8,hawaii,2026.01,Reserves centroid 2026,Centroid res8 from reserve objectid 213 polygon
RES_214,885d1032e7fffff,8,hawaii,2026.01,Reserves centroid 2026,Centroid res8 from reserve objectid 214 polygon
RES_215,885d1032abfffff,8,hawaii,2026.01,Reserves centroid 2026,Centroid res8 from reserve objectid 215 polygon
RES_216,8846494a55fffff,8,oahu,2026.01,Reserves centroid 2026,Centroid res8 from reserve objectid 216 polygon
RES_217,885d102b55fffff,8,hawaii,2026.01,Reserves centroid 2026,Centroid res8 from reserve objectid 217 polygon
RES_218,885d106019fffff,8,hawaii,2026.01,Reserves centroid 2026,Centroid res8 from reserve objectid 218 polygon
RES_219,885d13908bfffff,8,hawaii,2026.01,Reserves centroid 2026,Centroid res8 from reserve objectid 219 polygon
RES_220,8846492d4dfffff,8,molokai,2026.01,Reserves centroid 2026,Centroid res8 from reserve objectid 220 polygon
RES_221,8846492d1dfffff,8,molokai,2026.01,Reserves centroid 2026,Centroid res8 from reserve objectid 221 polygon
RES_222,8846492c0dfffff,8,molokai,2026.01,Reserves centroid 2026,Centroid res8 from reserve objectid 222 polygon
RES_223,88464929c3fffff,8,molokai,2026.01,Reserves centroid 2026,Centroid res8 from reserve objectid 223 polygon
RES_224,88464929cbfffff,8,molokai,2026.01,Reserves centroid 2026,Centroid res8 from reserve objectid 224 polygon
RES_225,8846492957fffff,8,molokai,2026.01,Reserves centroid 2026,Centroid res8 from reserve objectid 225 polygon
RES_226,8846492863fffff,8,molokai,2026.01,Reserves centroid 2026,Centroid res8 from reserve objectid 226 polygon
RES_227,885d146a81fffff,8,maui,2026.01,Reserves centroid 2026,Centroid res8 from reserve objectid 227 polygon
RES_228,885d146f45fffff,8,maui,2026.01,Reserves centroid 2026,Centroid res8 from reserve objectid 228 polygon
RES_229,885d146f4dfffff,8,maui,2026.01,Reserves centroid 2026,Centroid res8 from reserve objectid 229 polygon
RES_230,885d146a9bfffff,8,maui,2026.01,Reserves centroid 2026,Centroid res8 from reserve objectid 230 polygon
RES_231,885d10076bfffff,8,hawaii,2026.01,Reserves centroid 2026,Centroid res8 from reserve objectid 231 polygon
RES_232,885d10076bfffff,8,hawaii,2026.01,Reserves centroid 2026,Centroid res8 from reserve objectid 232 polygon
RES_233,885d1000d9fffff,8,hawaii,2026.01,Reserves centroid 2026,Centroid res8 from reserve objectid 233 polygon
RES_234,885d1015a1fffff,8,hawaii,2026.01,Reserves centroid 2026,Centroid res8 from reserve objectid 234 polygon
RES_235,885d100253fffff,8,hawaii,2026.01,Reserves centroid 2026,Centroid res8 from reserve objectid 235 polygon
RES_236,885d16b6abfffff,8,maui,2026.01,Reserves centroid 2026,Centroid res8 from reserve objectid 236 polygon
RES_237,8846482e9bfffff,8,oahu,2026.01,Reserves centroid 2026,Centroid res8 from reserve objectid 237 polygon
RES_238,8846495865fffff,8,oahu,2026.01,Reserves centroid 2026,Centroid res8 from reserve objectid 238 polygon
RES_239,8847a270ebfffff,8,kure,2026.01,Reserves centroid 2026,Centroid res8 from reserve objectid 239 polygon
RES_240,8847a270d3fffff,8,kure,2026.01,Reserves centroid 2026,Centroid res8 from reserve objectid 240 polygon
RES_241,88464831b3fffff,8,oahu,2026.01,Reserves centroid 2026,Centroid res8 from reserve objectid 241 polygon
RES_242,8846495817fffff,8,oahu,2026.01,Reserves centroid 2026,Centroid res8 from reserve objectid 242 polygon
RES_243,8846495817fffff,8,oahu,2026.01,Reserves centroid 2026,Centroid res8 from reserve objectid 243 polygon
RES_244,885d144f29fffff,8,maui,2026.01,Reserves centroid 2026,Centroid res8 from reserve objectid 244 polygon
RES_245,88464e4653fffff,8,kauai,2026.01,Reserves centroid 2026,Centroid res8 from reserve objectid 245 polygon
RES_246,8846482c99fffff,8,oahu,2026.01,Reserves centroid 2026,Centroid res8 from reserve objectid 246 polygon
RES_247,88464b92d5fffff,8,oahu,2026.01,Reserves centroid 2026,Centroid res8 from reserve objectid 247 polygon
RES_248,88464e18a7fffff,8,kauai,2026.01,Reserves centroid 2026,Centroid res8 from reserve objectid 248 polygon
RES_249,88464e0187fffff,8,kauai,2026.01,Reserves centroid 2026,Centroid res8 from reserve objectid 249 polygon
RES_250,88464e083bfffff,8,kauai,2026.01,Reserves centroid 2026,Centroid res8 from reserve objectid 250 polygon
RES_251,88464e0b5bfffff,8,kauai,2026.01,Reserves centroid 2026,Centroid res8 from reserve objectid 251 polygon
RES_252,88464e0591fffff,8,kauai,2026.01,Reserves centroid 2026,Centroid res8 from reserve objectid 252 polygon
RES_253,8846495959fffff,8,oahu,2026.01,Reserves centroid 2026,Centroid res8 from reserve objectid 253 polygon
RES_254,8846495b3dfffff,8,oahu,2026.01,Reserves centroid 2026,Centroid res8 from reserve objectid 254 polygon
RES_255,8846482e83fffff,8,oahu,2026.01,Reserves centroid 2026,Centroid res8 from reserve objectid 255 polygon
RES_256,88464b935bfffff,8,oahu,2026.01,Reserves centroid 2026,Centroid res8 from reserve objectid 256 polygon
RES_257,8846482b15fffff,8,oahu,2026.01,Reserves centroid 2026,Centroid res8 from reserve objectid 257 polygon
RES_258,885d16b4c3fffff,8,maui,2026.01,Reserves centroid 2026,Centroid res8 from reserve objectid 258 polygon
RES_259,885d16b6a1fffff,8,maui,2026.01,Reserves centroid 2026,Centroid res8 from reserve objectid 259 polygon
RES_260,885d16b6bdfffff,8,maui,2026.01,Reserves centroid 2026,Centroid res8 from reserve objectid 260 polygon
RES_261,885d169889fffff,8,lanai,2026.01,Reserves centroid 2026,Centroid res8 from reserve objectid 261 polygon
RES_262,885d1046b1fffff,8,hawaii,2026.01,Reserves centroid 2026,Centroid res8 from reserve objectid 262 polygon
RES_263,88464b9215fffff,8,oahu,2026.01,Reserves centroid 2026,Centroid res8 from reserve objectid 263 polygon
RES_264,88464b969bfffff,8,oahu,2026.01,Reserves centroid 2026,Centroid res8 from reserve objectid 264 polygon
RES_265,88464959e5fffff,8,oahu,2026.01,Reserves centroid 2026,Centroid res8 from reserve objectid 265 polygon
RES_266,88464958a9fffff,8,oahu,2026.01,Reserves centroid 2026,Centroid res8 from reserve objectid 266 polygon
RES_267,88464e0ac5fffff,8,kauai,2026.01,Reserves centroid 2026,Centroid res8 from reserve objectid 267 polygon
RES_268,885d1046b5fffff,8,hawaii,2026.01,Reserves centroid 2026,Centroid res8 from reserve objectid 268 polygon
RES_269,88464e7359fffff,8,kauai,2026.01,Reserves centroid 2026,Centroid res8 from reserve objectid 269 polygon
RES_270,88464e735bfffff,8,kauai,2026.01,Reserves centroid 2026,Centroid res8 from reserve objectid 270 polygon
RES_271,88464e385dfffff,8,kauai,2026.01,Reserves centroid 2026,Centroid res8 from reserve objectid 271 polygon
RES_272,88464e3a6dfffff,8,kauai,2026.01,Reserves centroid 2026,Centroid res8 from reserve objectid 272 polygon
RES_273,88464941e5fffff,8,oahu,2026.01,Reserves centroid 2026,Centroid res8 from reserve objectid 273 polygon
RES_274,8846494ae3fffff,8,oahu,2026.01,Reserves centroid 2026,Centroid res8 from reserve objectid 274 polygon
RES_275,88464b9699fffff,8,oahu,2026.01,Reserves centroid 2026,Centroid res8 from reserve objectid 275 polygon
RES_276,88464b96ddfffff,8,oahu,2026.01,Reserves centroid 2026,Centroid res8 from reserve objectid 276 polygon
RES_277,88464b96adfffff,8,oahu,2026.01,Reserves centroid 2026,Centroid res8 from reserve objectid 277 polygon
RES_278,88464959c1fffff,8,oahu,2026.01,Reserves centroid 2026,Centroid res8 from reserve objectid 278 polygon
RES_279,8846482cbdfffff,8,oahu,2026.01,Reserves centroid 2026,Centroid res8 from reserve objectid 279 polygon
RES_280,8846495b19fffff,8,oahu,2026.01,Reserves centroid 2026,Centroid res8 from reserve objectid 280 polygon
RES_281,8846482509fffff,8,oahu,2026.01,Reserves centroid 2026,Centroid res8 from reserve objectid 281 polygon
RES_282,88464822d5fffff,8,oahu,2026.01,Reserves centroid 2026,Centroid res8 from reserve objectid 282 polygon
RES_283,88464876e7fffff,8,oahu,2026.01,Reserves centroid 2026,Centroid res8 from reserve objectid 283 polygon
RES_284,884649294dfffff,8,molokai,2026.01,Reserves centroid 2026,Centroid res8 from reserve objectid 284 polygon
RES_285,885d1449d9fffff,8,maui,2026.01,Reserves centroid 2026,Centroid res8 from reserve objectid 285 polygon
RES_286,885d144ab7fffff,8,maui,2026.01,Reserves centroid 2026,Centroid res8 from reserve objectid 286 polygon
RES_287,885d16a217fffff,8,maui,2026.01,Reserves centroid 2026,Centroid res8 from reserve objectid 287 polygon
RES_288,885d16b4edfffff,8,maui,2026.01,Reserves centroid 2026,Centroid res8 from reserve objectid 288 polygon
RES_289,885d147acdfffff,8,maui,2026.01,Reserves centroid 2026,Centroid res8 from reserve objectid 289 polygon
RES_290,885d147a9dfffff,8,maui,2026.01,Reserves centroid 2026,Centroid res8 from reserve objectid 290 polygon
RES_291,885d146361fffff,8,maui,2026.01,Reserves centroid 2026,Centroid res8 from reserve objectid 291 polygon
RES_292,885d1462abfffff,8,maui,2026.01,Reserves centroid 2026,Centroid res8 from reserve objectid 292 polygon
RES_293,885d101165fffff,8,hawaii,2026.01,Reserves centroid 2026,Centroid res8 from reserve objectid 293 polygon
RES_294,885d101a23fffff,8,hawaii,2026.01,Reserves centroid 2026,Centroid res8 from reserve objectid 294 polygon
RES_295,885d10085bfffff,8,hawaii,2026.01,Reserves centroid 2026,Centroid res8 from reserve objectid 295 polygon
RES_296,885d1045c5fffff,8,hawaii,2026.01,Reserves centroid 2026,Centroid res8 from reserve objectid 296 polygon
RES_297,885d104edbfffff,8,hawaii,2026.01,Reserves centroid 2026,Centroid res8 from reserve objectid 297 polygon
RES_298,885d1079a3fffff,8,hawaii,2026.01,Reserves centroid 2026,Centroid res8 from reserve objectid 298 polygon
RES_299,885d106989fffff,8,hawaii,2026.01,Reserves centroid 2026,Centroid res8 from reserve objectid 299 polygon
RES_300,885d114ed9fffff,8,hawaii,2026.01,Reserves centroid 2026,Centroid res8 from reserve objectid 300 polygon
RES_301,885d1024bdfffff,8,hawaii,2026.01,Reserves centroid 2026,Centroid res8 from reserve objectid 301 polygon
RES_302,885d102491fffff,8,hawaii,2026.01,Reserves centroid 2026,Centroid res8 from reserve objectid 302 polygon
RES_303,885d11514bfffff,8,hawaii,2026.01,Reserves centroid 2026,Centroid res8 from reserve objectid 303 polygon
RES_304,885d102659fffff,8,hawaii,2026.01,Reserves centroid 2026,Centroid res8 from reserve objectid 304 polygon
RES_305,885d13ce65fffff,8,hawaii,2026.01,Reserves centroid 2026,Centroid res8 from reserve objectid 305 polygon
RES_306,88464e0b2dfffff,8,kauai,2026.01,Reserves centroid 2026,Centroid res8 from reserve objectid 306 polygon
RES_307,88464b9689fffff,8,oahu,2026.01,Reserves centroid 2026,Centroid res8 from reserve objectid 307 polygon
RES_308,88464e0d81fffff,8,kauai,2026.01,Reserves centroid 2026,Centroid res8 from reserve objectid 308 polygon
RES_309,885d146b69fffff,8,maui,2026.01,Reserves centroid 2026,Centroid res8 from reserve objectid 309 polygon
RES_310,88464958c5fffff,8,oahu,2026.01,Reserves centroid 2026,Centroid res8 from reserve objectid 310 polygon
RES_311,8846495813fffff,8,oahu,2026.01,Reserves centroid 2026,Centroid res8 from reserve objectid 311 polygon
RES_312,885d13d011fffff,8,hawaii,2026.01,Reserves centroid 2026,Centroid res8 from reserve objectid 312 polygon
RES_313,88464b9631fffff,8,oahu,2026.01,Reserves centroid 2026,Centroid res8 from reserve objectid 313 polygon
RES_314,88464958e3fffff,8,oahu,2026.01,Reserves centroid 2026,Centroid res8 from reserve objectid 314 polygon
RES_315,88464959d7fffff,8,oahu,2026.01,Reserves centroid 2026,Centroid res8 from reserve objectid 315 polygon
RES_316,88464958a7fffff,8,oahu,2026.01,Reserves centroid 2026,Centroid res8 from reserve objectid 316 polygon
RES_317,885d169211fffff,8,molokai,2026.01,Reserves centroid 2026,Centroid res8 from reserve objectid 317 polygon
RES_318,885d169217fffff,8,molokai,2026.01,Reserves centroid 2026,Centroid res8 from reserve objectid 318 polygon
RES_319,885d16aa09fffff,8,kahoolawe,2026.01,Reserves centroid 2026,Centroid res8 from reserve objectid 319 polygon
RES_320,88464e14a5fffff,8,kauai,2026.01,Reserves centroid 2026,Centroid res8 from reserve objectid 320 polygon
RES_321,88464e02d7fffff,8,kauai,2026.01,Reserves centroid 2026,Centroid res8 from reserve objectid 321 polygon
RES_322,88464e390bfffff,8,kauai,2026.01,Reserves centroid 2026,Centroid res8 from reserve objectid 322 polygon
RES_323,8846482259fffff,8,oahu,2026.01,Reserves centroid 2026,Centroid res8 from reserve objectid 323 polygon
RES_324,8846482ee9fffff,8,oahu,2026.01,Reserves centroid 2026,Centroid res8 from reserve objectid 324 polygon
RES_325,88464b91cbfffff,8,oahu,2026.01,Reserves centroid 2026,Centroid res8 from reserve objectid 325 polygon
RES_326,88464b9285fffff,8,oahu,2026.01,Reserves centroid 2026,Centroid res8 from reserve objectid 326 polygon
RES_327,8846482de7fffff,8,oahu,2026.01,Reserves centroid 2026,Centroid res8 from reserve objectid 327 polygon
RES_328,8846482da9fffff,8,oahu,2026.01,Reserves centroid 2026,Centroid res8 from reserve objectid 328 polygon
RES_329,885d169343fffff,8,molokai,2026.01,Reserves centroid 2026,Centroid res8 from reserve objectid 329 polygon
RES_330,885d16b2e9fffff,8,maui,2026.01,Reserves centroid 2026,Centroid res8 from reserve objectid 330 polygon
RES_331,885d100a19fffff,8,hawaii,2026.01,Reserves centroid 2026,Centroid res8 from reserve objectid 331 polygon
RES_332,885d107945fffff,8,hawaii,2026.01,Reserves centroid 2026,Centroid res8 from reserve objectid 332 polygon
RES_333,885d138c09fffff,8,hawaii,2026.01,Reserves centroid 2026,Centroid res8 from reserve objectid 333 polygon
RES_334,885d13d351fffff,8,hawaii,2026.01,Reserves centroid 2026,Centroid res8 from reserve objectid 334 polygon
RES_335,8846482db1fffff,8,oahu,2026.01,Reserves centroid 2026,Centroid res8 from reserve objectid 335 polygon
RES_336,88464821b5fffff,8,oahu,2026.01,Reserves centroid 2026,Centroid res8 from reserve objectid 336 polygon
RES_337,884648200bfffff,8,oahu,2026.01,Reserves centroid 2026,Centroid res8 from reserve objectid 337 polygon
RES_338,885d106655fffff,8,hawaii,2026.01,Reserves centroid 2026,Centroid res8 from reserve objectid 338 polygon
RES_339,885d102993fffff,8,hawaii,2026.01,Reserves centroid 2026,Centroid res8 from reserve objectid 339 polygon
RES_340,885d102983fffff,8,hawaii,2026.01,Reserves centroid 2026,Centroid res8 from reserve objectid 340 polygon
RES_341,8846494a0dfffff,8,oahu,2026.01,Reserves centroid 2026,Centroid res8 from reserve objectid 341 polygon
RES_342,8846497547fffff,8,molokai,2026.01,Reserves centroid 2026,Centroid res8 from reserve objectid 342 polygon
RES_343,8846494a67fffff,8,oahu,2026.01,Reserves centroid 2026,Centroid res8 from reserve objectid 343 polygon
RES_344,885d13b2cdfffff,8,hawaii,2026.01,Reserves centroid 2026,Centroid res8 from reserve objectid 344 polygon
RES_345,885d138d35fffff,8,hawaii,2026.01,Reserves centroid 2026,Centroid res8 from reserve objectid 345 polygon
RES_346,885d114921fffff,8,hawaii,2026.01,Reserves centroid 2026,Centroid res8 from reserve objectid 346 polygon
RES_347,8846492b37fffff,8,molokai,2026.01,Reserves centroid 2026,Centroid res8 from reserve objectid 347 polygon
RES_348,8846492821fffff,8,molokai,2026.01,Reserves centroid 2026,Centroid res8 from reserve objectid 348 polygon
RES_349,885d16b6c7fffff,8,maui,2026.01,Reserves centroid 2026,Centroid res8 from reserve objectid 349 polygon
RES_350,885d1074c9fffff,8,hawaii,2026.01,Reserves centroid 2026,Centroid res8 from reserve objectid 350 polygon
RES_351,885d100dd9fffff,8,hawaii,2026.01,Reserves centroid 2026,Centroid res8 from reserve objectid 351 polygon
RES_352,885d107615fffff,8,hawaii,2026.01,Reserves centroid 2026,Centroid res8 from reserve objectid 352 polygon
RES_353,885d102b47fffff,8,hawaii,2026.01,Reserves centroid 2026,Centroid res8 from reserve objectid 353 polygon
RES_354,885d10280dfffff,8,hawaii,2026.01,Reserves centroid 2026,Centroid res8 from reserve objectid 354 polygon
RES_355,885d107633fffff,8,hawaii,2026.01,Reserves centroid 2026,Centroid res8 from reserve objectid 355 polygon
RES_356,885d102829fffff,8,hawaii,2026.01,Reserves centroid 2026,Centroid res8 from reserve objectid 356 polygon
RES_357,885d1389c9fffff,8,hawaii,2026.01,Reserves centroid 2026,Centroid res8 from reserve objectid 357 polygon
RES_358,885d10158dfffff,8,hawaii,2026.01,Reserves centroid 2026,Centroid res8 from reserve objectid 358 polygon
RES_359,885d1002dbfffff,8,hawaii,2026.01,Reserves centroid 2026,Centroid res8 from reserve objectid 359 polygon
RES_360,885d10adbdfffff,8,hawaii,2026.01,Reserves centroid 2026,Centroid res8 from reserve objectid 360 polygon
RES_361,885d10adb1fffff,8,hawaii,2026.01,Reserves centroid 2026,Centroid res8 from reserve objectid 361 polygon
RES_362,8846482319fffff,8,oahu,2026.01,Reserves centroid 2026,Centroid res8 from reserve objectid 362 polygon
RES_363,884649592bfffff,8,oahu,2026.01,Reserves centroid 2026,Centroid res8 from reserve objectid 363 polygon
RES_364,88464970b9fffff,8,molokai,2026.01,Reserves centroid 2026,Centroid res8 from reserve objectid 364 polygon
RES_365,885d13d2a5fffff,8,hawaii,2026.01,Reserves centroid 2026,Centroid res8 from reserve objectid 365 polygon
RES_366,885d1698c5fffff,8,lanai,2026.01,Reserves centroid 2026,Centroid res8 from reserve objectid 366 polygon
RES_367,885d1698d5fffff,8,lanai,2026.01,Reserves centroid 2026,Centroid res8 from reserve objectid 367 polygon
RES_368,885d1698d7fffff,8,lanai,2026.01,Reserves centroid 2026,Centroid res8 from reserve objectid 368 polygon
RES_369,885d1698d3fffff,8,lanai,2026.01,Reserves centroid 2026,Centroid res8 from reserve objectid 369 polygon
RES_370,885d168325fffff,8,lanai,2026.01,Reserves centroid 2026,Centroid res8 from reserve objectid 370 polygon
RES_371,885d168325fffff,8,lanai,2026.01,Reserves centroid 2026,Centroid res8 from reserve objectid 371 polygon
RES_372,885d168321fffff,8,lanai,2026.01,Reserves centroid 2026,Centroid res8 from reserve objectid 372 polygon
RES_373,8846492861fffff,8,molokai,2026.01,Reserves centroid 2026,Centroid res8 from reserve objectid 373 polygon
RES_374,884649749bfffff,8,molokai,2026.01,Reserves centroid 2026,Centroid res8 from reserve objectid 374 polygon
RES_375,885d100035fffff,8,hawaii,2026.01,Reserves centroid 2026,Centroid res8 from reserve objectid 375 polygon
RES_376,885d13d225fffff,8,hawaii,2026.01,Reserves centroid 2026,Centroid res8 from reserve objectid 376 polygon
